{
    "id": 1,
    "number": 123,
    "title": "Sample Issue Title",
    "body": "This is the body of the sample issue.",
    "comments": 5,
    "labels": [
        {
            "id": 1,
            "name": "Nginx",
            "color":"#d34d32"
        },
        {
            "id": 2,
            "name": "HTTP",
            "color":"blue"
        }
    ],
    "html_url": "https://github.com/example/repo/issues/123",
    "createdAt": "2024-03-28",
    "updatedAt": "2024-03-28"
}